,PDX1,PDX2,PDX3,PDX4,PDX5,PDX6
GENE1,6.2417677242399625,11.88818591963282,2.775485709005697,3.7222972698328003,1.4824038987244779,1.3549890537955
GENE2,10.099903025790088,17.39599536980177,4.17030793504857,12.225609584640146,6.434254767192841,2.3510928095245083
GENE3,6.432708032566551,20.864237448729273,4.323969996357082,21.42682530199758,0.3263629726087018,10.195051998188676
GENE4,4.889289851204866,3.323414271538289,4.9123909404689545,0.6141175530993408,3.5978200204312896,6.40521544324765
GENE5,19.646398611341517,2.6690691581662693,1.996721123792255,2.7135098822977466,11.194270867102258,6.226106077251959
GENE6,2.6385771043481783,7.487743120614518,4.938578562193967,11.806438172643166,2.2209763713738937,3.229533996840732
GENE7,3.0279682403606736,1.0371588003150993,6.02622197997251,5.8185743353842865,4.504664685427256,3.5445558628658005
GENE8,1.0883135083134239,2.942779895326006,3.1812858915629425,2.0091720680639527,3.8141364717696264,6.713032973383224
GENE9,29.553018904140416,5.336541653999621,5.798216618621131,4.160162284601687,0.6578546851396841,4.364423575470001
GENE10,4.759916899206442,52.62767449586324,3.697433887871438,6.059015586014484,4.328790749140781,1.3928081519549902
GENE11,14.052816165427215,9.506093677290629,9.88513335370581,1.8050937783598846,18.22500060217911,1.1031270695396684
GENE12,8.059544923338326,40.06309658030102,1.6643982968913589,2.54391000738659,4.951305925346335,2.7088504206830177
GENE13,0.9505985586406249,4.799745879809489,1.5491343426012003,7.196482972486514,1.7870670666338584,21.113959407319086
GENE14,2.047760399013228,3.247672168281112,10.109920983958782,1.3088327160894617,5.626344459786736,16.56252733702485
GENE15,0.898091579223969,5.390476893861387,5.811756183231001,9.794518297475069,1.3008908371386205,1.1966708227973135
GENE16,7.552975303887412,6.031433275150501,5.75743953294052,6.337270843816786,2.2704437078862685,5.653380569761489
GENE17,6.007883198627161,2.1938293575809418,28.955915295538475,7.198213864790199,1.361649051107954,8.641304961605323
GENE18,1.6909970574194542,9.846190250251881,14.276225182541538,1.972531378602842,11.744395278830655,6.771894781988913
GENE19,10.19665943213207,29.86815858398433,3.506477190299758,2.109105313743,1.8413252747474231,1.9821650661024341
GENE20,4.14912841036379,6.303795894038021,5.910265766335425,10.249031866102978,4.540339967132094,19.173595097378445
GENE21,3.439558660409536,68.0449942554602,8.378486987415078,1.9018791877709764,1.535886136260364,7.260672208429249
GENE22,3.5842068728785397,9.152256803731827,7.193930069624897,4.1668947216699515,1.9216924496081642,0.985262451886082
GENE23,2.8676275432478926,10.552879850922054,5.5516420237206034,1.2895086073751394,5.329092312596747,6.588445149158381
GENE24,1.8517711580082477,5.226412550697907,4.750304486656141,1.4290783159496965,6.409539069727748,7.852127595675672
GENE25,13.237467333169926,12.855889742270438,1.1301276964447553,1.754484286845113,7.500991915585281,7.49162665544975
GENE26,7.501085071712846,211.184358858544,7.931883400739524,13.951201591936442,11.634813454503123,8.596810404828343
GENE27,3.269806325108805,9.573216204138035,2.069226333458986,3.5366550993177293,2.7583604191297866,4.864063206740705
GENE28,45.36126589070567,0.6926259414185313,8.901859525597494,0.8934044660056114,2.795659775011288,13.315790637567966
GENE29,4.77923274057496,1.5253977901892362,2.191741187546518,8.842748538200535,2.1589745601135495,5.56478633511698
GENE30,4.690653162897828,2.3359055981398043,38.24237099717637,8.447909567635508,0.5914710224777774,5.400298958750956
GENE31,2.312232562878369,10.511115694740798,2.0288705553975084,3.9958789140307864,7.425999429873096,10.652080169580461
GENE32,1.3494587591926466,3.207522281461747,2.7872478877488884,2.3318705751151567,26.19200575313414,6.719284737250267
GENE33,1.2701259206390678,11.221840757874974,37.41816183130685,12.58449197851926,0.9808164264250834,2.761477678263394
GENE34,15.909416222485897,2.2085375057871497,6.9853802418787865,9.724359765244444,1.7737031362458338,4.222699620189976
GENE35,0.17529809747694808,1.6089991804648502,3.481390728592844,1.2868750247533416,22.92920221180636,1.0723565629527845
GENE36,2.8862425870124935,5.107655932191984,18.939946992851173,1.0662393684708509,14.34159063775592,4.527785921758334
GENE37,1.679491970131244,7.114276033798193,5.468802633962487,2.4590697372628374,4.805696980082771,3.048611994108123
GENE38,5.020438825147917,8.689632727029556,21.889713343802548,1.2997663287207466,37.82738739952791,0.6362983005855208
GENE39,3.8505458018437975,8.0713213624825,5.935740969711883,2.404400211578881,3.639614427921007,2.7373739963185093
GENE40,2.4859011833826257,10.481398315261014,6.40459361959015,2.2413769901378173,11.018766619253862,6.093968556949101
GENE41,10.103300158459906,8.411744145198579,1.9562022950223699,2.5595180007389304,9.462092992182116,8.251295888733496
GENE42,4.3889868125221065,5.039603373783748,16.08142526632588,2.4804217623079845,7.745386541693384,3.6612599893911923
GENE43,3.604989278875244,13.447279957963195,10.230938840198146,10.10984433720747,16.53499108301708,4.576817289629587
GENE44,8.86359972223296,3.2862044737402623,6.197626229246232,3.9347877666307904,4.9381756678809205,8.126716971310781
GENE45,1.9773930124455545,36.32067998767533,1.6388300752217342,1.330841417868752,14.26930709432476,9.891370337893855
GENE46,8.36553104891683,8.400956003083278,4.427137564092722,1.8271285360144052,4.834629794783365,2.2769533251804983
GENE47,11.883129835672788,3.8687931795419024,1.9630567077926226,3.249867279227465,6.772914214015557,2.5504643667420392
GENE48,1.969499805028855,5.718389509655948,5.725710068082705,2.699473690673427,2.7981589816676875,5.652228755398952
GENE49,1.053286902972479,1.0969528786424676,2.1848687951264756,3.620285348516499,6.1159955813823474,19.596602648449124
GENE50,10.56619361801722,3.819278269325685,4.397269552710274,1.6445563229766629,4.399482252031025,3.3579859045710965
GENE51,6.188659846935877,1.95965621323616,7.533400354918649,20.753998211409794,4.019830958181316,6.697348635948798
GENE52,8.936499803958359,3.0005017602940494,5.60742987527633,4.538481118959093,4.9415354292723475,2.068844453008841
GENE53,4.592893300867283,7.374280154152301,19.12781594436467,11.696279807664682,38.59730508225304,2.0805919344808763
GENE54,10.72224587238207,5.38351768732836,40.036956225674125,1.9971111565351767,1.9353305868745165,2.4610974160529167
GENE55,0.535852831178094,2.6491662777280403,2.097754188536002,5.209030669188101,6.307604542910916,29.258520757828425
GENE56,11.593259344081648,2.517072058171623,1.825009748477403,7.329587007241263,1.196938196180606,27.97912694296542
GENE57,14.576929689896492,2.803375839417447,0.8080474240187694,17.354856385394832,3.996664565923574,15.453203250348226
GENE58,0.9098935550420065,2.4611407871002853,4.505251425019539,4.697265795343467,2.85746402954185,8.354914531294844
GENE59,1.5409198920868488,3.8869333894739584,5.054584391141564,7.496519409257717,9.130449056233758,1.455512261123371
GENE60,0.9664611567571598,16.08161705631756,6.248328649958236,2.1202064445412745,21.13968279838012,5.031281053514823
GENE61,14.574846261193299,4.794735194205494,35.18950641263313,25.92845054450188,3.493960307718318,11.841033931683766
GENE62,8.54525321788712,17.612899461446666,1.7075789343536603,8.900001631017222,12.915452811735351,0.7720241196132154
GENE63,1.3726476792445772,0.583195871266304,3.42325949379878,9.18472938751523,20.13293541850939,4.826370714822645
GENE64,22.84233347148735,1.1273824635644187,0.8159661241880941,4.239529521188905,6.580202032803247,4.337530825129862
GENE65,0.566973847849762,4.0995612692609065,1.2159558793970664,8.755416599883892,6.466262310207968,1.7508829677172373
GENE66,2.680847786281956,1.5539288690893107,4.20940329597788,11.648091193095365,1.672423803713181,7.4190166060438525
GENE67,2.637264963924956,2.028156328338656,4.0267904330284265,1.5916284548950568,2.5762908118080325,1.3527263945432029
GENE68,31.967671704719205,4.642548921655381,2.2261519055398344,5.551010097423608,4.005514154004549,3.5931541154662376
GENE69,8.282680931958849,9.55923506793119,2.6366227909947746,2.519805609234569,3.403990101649517,0.4484665578342048
GENE70,0.9849237399295562,17.58197566680202,23.218925803364165,3.4937091321764835,7.976956622203216,6.118091212809031
GENE71,97.40531797155076,13.729885926892871,3.94355424188786,1.7236765857997949,0.8990233062054935,5.49294002504394
GENE72,2.1035980898955584,1.0808484022675273,2.3476788479478183,1.5196073762387734,24.219101380742185,10.82263481256038
GENE73,4.446100227936287,19.68671689218864,4.842195858657071,1.8940469791840988,20.55540816303923,7.682231337394786
GENE74,1.588442292346134,3.704918724930167,1.867091265028505,1.124344578549112,11.31554617064938,30.247593889493825
GENE75,1.1067551281941683,7.869300972482387,2.3381439500138566,2.7535049191731846,2.4783823664466476,1.8889275427514065
GENE76,4.704510022854513,1.9523814494729763,5.873535931234614,4.262099548161416,3.5291320168556304,1.808388899207
GENE77,2.5174051520063525,9.539024492965796,7.395836358650282,1.6861448262382108,4.949726415361442,9.500905628434015
GENE78,0.8441667092177636,7.7164945908988765,2.310297354299037,7.929568880984416,2.089115652085972,0.7372102858709382
GENE79,0.8802560588377726,4.702456099867255,5.810824676805176,1.8142703482331803,8.487482735530657,0.8508494613234037
GENE80,4.195112685227028,1.335070100534833,2.3353549494904176,4.69923002729877,1.8956971019521016,3.050923878608361
GENE81,12.259397787731004,2.5171017249082412,10.336611547788266,1.448159073533649,7.612595498492431,18.94554138360439
GENE82,0.378460148310534,2.0200146109479893,7.981067122780161,3.6581392407193354,6.495735426633516,2.449820638948188
GENE83,4.887054584111348,3.835588064822444,14.407977722168107,5.7800991892169105,6.281461410432257,2.968696696800037
GENE84,2.752181241284673,2.9079309431164475,6.64890475347781,2.9417819970528813,5.98810413425558,35.70893003869529
GENE85,10.709430446335354,3.2348302959609057,14.897805528883374,2.9800039528568054,0.583842201732602,1.6354429565314472
GENE86,0.690187540133667,3.153416650429384,4.564999384376102,23.96123490693438,6.214761651871747,3.5998762547514955
GENE87,10.271833946613194,0.49108634610166896,5.672412760098074,9.687778996340086,1.0216446739959755,14.065908646143287
GENE88,6.28707794729697,2.958587877525836,8.4383084348231,43.41013146707559,5.375578816778869,5.744371962203542
GENE89,2.8310257461652832,1.9158389688575586,10.281393615451782,1.9039223902043971,4.81418244374797,2.779698735304894
GENE90,7.235357892923038,6.256757660263056,12.648516609898238,2.6911903395479246,3.4216574381150893,1.6841083998702127
GENE91,2.8740056108209937,6.53583748756442,9.554274219762881,1.7821752625689478,10.69317748742788,17.385523180677108
GENE92,6.7763248890303505,29.276812268591605,2.067232592332199,1.2909072899369187,0.7567515756883515,20.006241732481858
GENE93,8.622418867185235,4.239372780142323,5.929670380090728,1.4542800289625162,51.71521227949846,5.099901276404769
GENE94,4.999784415501765,9.26057946485788,7.250056281026891,5.606261086113357,2.033026449315988,7.181213336373005
GENE95,29.430292365830883,17.208785635227386,22.04722242061806,2.6879647898710775,1.6659494143386113,3.951965617807777
GENE96,4.738520292009068,13.385760845082778,0.8249234954668831,20.68792753898175,3.8266590102708578,2.924486559472346
GENE97,1.6288848258220932,0.8565379346701982,10.20798833593224,4.822622982024542,1.233726298031398,1.22742837408899
GENE98,3.2034081845623144,23.784200728141133,3.4570258850651197,0.996861980788679,3.50523279380386,3.411924256566056
GENE99,0.3021333982904596,4.244844269593235,3.5575263925125244,8.990840751117071,28.472995020895045,13.826195667277824
GENE100,3.425033694394347,1.4821208833475528,58.754033339196766,4.755103365394951,4.544552631687397,4.374861721912116
GENE101,5.463473506127813,3.8792412798227827,2.525244761103116,2.5938442942860633,4.337276991049673,2.602767309629541
GENE102,2.19713495249765,4.984984169051442,3.473013922650069,20.165898577609887,0.31632984123737334,13.349872736073912
GENE103,15.581513702545788,0.5636114223430224,3.181371540714845,3.0911992858344175,1.0969003135456492,2.0589235803225807
GENE104,1.47613052602431,25.848961948671345,11.423565754027285,15.983470508208228,9.222738990853296,1.4491080493570068
GENE105,2.652439370416164,7.310959774379943,1.320317438116087,9.143090250907905,3.5242745083292975,3.080768849978694
GENE106,9.124471392517892,6.988481624065422,3.123748847379867,14.28671098378863,1.5203440720004513,8.297345189446226
GENE107,8.110027491657611,3.2885724363463607,6.209826906715083,1.2825963521395325,11.291237915263702,3.7251155204686786
GENE108,2.6572107422097826,12.794421118996112,2.2158948324036194,1.0958591896074332,0.9449444148112766,8.2153959713632
GENE109,1.2455418392692212,25.914280359323076,0.558819135715919,24.445749794880637,5.534589877462585,4.068550884946129
GENE110,2.5988808581557796,6.680121088144958,4.31615645860951,13.50826718403652,5.024006126752354,5.208551330122053
GENE111,3.1154941889249854,4.233607118128841,6.0970300093028715,0.8104477610274429,1.1639443954011535,9.424042098171501
GENE112,5.316767139670981,3.7285397297863243,4.565070388361934,6.344458186753924,2.6123241909350705,2.057918992922781
GENE113,5.451251716723415,1.6847669108316983,6.741299804843497,0.8166182070012831,12.542910898395474,7.1893264053446355
GENE114,5.789406223849299,11.973441443198777,23.69998569282366,12.358821072766986,0.7111483427623312,1.2466039740071773
GENE115,2.39931054293145,4.600159837669509,7.520698508894583,2.1689782125083257,5.401986544210906,2.1056349648265056
GENE116,2.4314364077364408,1.097833731540914,1.780273054402797,1.15987865789481,1.6889832945163556,12.853829681241903
GENE117,1.734295208818432,62.326211324806955,7.339846289197265,5.391567309819515,1.8995978764876542,9.027810598642805
GENE118,2.5202602594805716,5.0632563039395855,57.97921233402136,4.071209379985843,14.14375701368886,2.218482879984275
GENE119,4.3275930484594785,26.33241357442659,2.394161205600359,27.452261699805614,9.09524669144517,2.5536743001984727
GENE120,8.435152025860747,11.852685301449295,8.346230186253495,0.9321843160096047,2.165958143746081,3.4990145245993887
GENE121,4.160214231483464,8.336738706859526,5.3532347316377145,1.1789870543382435,6.554801607997718,8.253074068310914
GENE122,7.844325843366051,13.207445525755976,10.318332365946482,7.093508565112279,4.178006790955878,0.851325328744859
GENE123,6.886880460417213,5.516191558738154,5.880129804107573,1.2501348483549595,1.5203543909020372,12.847546423865484
GENE124,4.307875443947029,8.859591853616086,4.6104173120390515,4.61705076867674,11.453367665072753,2.6750157596341286
GENE125,4.933855726195437,2.822787046625124,2.9023007153222142,3.2898036315314267,5.5964572948749876,2.7766672520599247
GENE126,15.732932479068475,1.831971478782334,3.7177860967468037,2.8871473592576464,19.04830048779249,5.455120869009835
GENE127,12.576682942902737,1.0145443819769204,5.853561420697764,10.909465377042467,4.8660571510875945,13.006905062042081
GENE128,2.671690852055257,18.344823565578988,44.65195644051121,3.1179054291416146,2.8705322874900148,19.170726941335772
GENE129,21.749094962093686,2.656846711647426,2.944129485965945,3.3811483189790295,1.16829975258301,1.7884477297031074
GENE130,1.641908415435672,2.079655874130016,4.32890711863639,5.664477926648378,21.1259151457557,1.6514372333135279
GENE131,11.992991031961763,3.618324798101571,4.265401395494988,8.800596402214563,1.4583096316662822,6.5693161885154066
GENE132,5.293354724065673,7.333488063297257,5.984475167826763,52.211362306594005,2.368507513763192,2.6353158579472606
GENE133,2.40334008898422,2.5715861328241574,2.3693434055546696,14.717194897426205,18.550639224283845,2.5326183948880314
GENE134,1.949639389271952,7.180834172936011,2.5799678967063313,8.439573867964098,5.489971261736152,0.9843791756989684
GENE135,21.062731545915913,27.001101813942952,2.4283482883589858,3.0413407064770355,5.964739545005429,6.261731786016798
GENE136,8.65852402964597,33.45510995109433,3.754866652141182,2.0171845568622877,1.1282646811784258,2.157758518685324
GENE137,4.335656441931125,26.965489007390623,2.6708284387289893,5.605722503680913,4.4086878430551995,14.708025150834738
GENE138,56.088591168894176,2.6356536798702304,2.7471405136562894,12.732539436337188,8.86305479008361,28.4090377659005
GENE139,8.035973789610388,3.1289826169707506,8.090211148696683,13.581432201300556,10.180582007999933,7.443000280820854
GENE140,13.022448677802824,14.429801122202763,17.85277558396425,8.573790106023589,3.791955767679063,5.189896145275286
GENE141,14.976899287473639,1.9799356199732001,6.479694141555036,3.024244135424902,4.612383829046165,16.094085795465443
GENE142,5.425440357490444,4.694710963550641,1.1504392880220247,9.45225716125083,8.54617813399034,38.98803184660041
GENE143,3.29439244843874,5.5797854602150325,5.751057113344618,21.70306033278801,4.074322469081075,5.924057044631649
GENE144,8.230909424319334,5.401135035035842,2.8678607984365567,5.441691733239078,13.11336251796733,1.6055794196939142
GENE145,5.11905409107683,2.2252720661421854,14.806209134804675,0.9770798458085426,2.562742957693222,6.535258320509184
GENE146,21.445697215422186,4.196495360294534,2.5723000848522837,29.404774803512897,1.0533611002538494,0.4971786023275702
GENE147,6.958851525686437,2.7127035991586026,1.6140833055665564,9.100746537986842,5.719038596734876,2.5495614634500003
GENE148,1.2456974842107325,10.723711613066257,8.58658565520293,4.058543381544537,28.407039837385266,1.5371272213983551
GENE149,0.9747978420938156,2.2436229105636873,4.281973423751035,5.716401215862342,3.5210665544680304,6.37290491671009
GENE150,1.2820502775786708,18.987191192685312,4.128230321696643,13.698630051429886,6.3137219138354075,7.0763144846390365
GENE151,7.922979069435257,7.012600203510019,8.522611090127661,16.93110614054036,5.454937542879213,9.106639451926057
GENE152,4.0970381315629645,18.91806367163454,2.278705908733289,27.13814853175675,4.305279452973773,1.0716771999805783
GENE153,5.094209053662431,2.268113304534138,10.387919547206794,2.333515714518338,2.868578373440045,0.6773678971848178
GENE154,2.8510680565212065,0.39697605037382583,0.9195206075610707,9.587063677539437,9.8335514781558,6.858286037674923
GENE155,1.7040774118604194,4.272882439406291,4.465572657703938,1.4072469961513272,20.153909748754852,10.776440224406794
GENE156,3.593173610908199,4.603817446432373,5.520027311142751,0.5817381372933657,3.500208777670749,2.2659990695724037
GENE157,1.6460524882383039,3.3834628846428423,27.04998705812082,8.506604495567755,2.531522778006282,7.945317658314788
GENE158,18.16243475477956,11.298089977739867,4.757062566711384,2.346824698380863,9.00899311662471,6.642479984649337
GENE159,10.970317539369995,8.458499566491398,12.801376642263927,2.624170348675548,16.73318821588211,5.460823511645666
GENE160,35.7039337797918,2.2497344384847255,25.43087032437774,5.4625230684098405,2.3363315753260396,2.7624394994312533
GENE161,3.253244128315062,6.849433488202559,7.559730096519176,2.5251488110535196,4.373857783821003,38.17841710201198
GENE162,25.217625385601625,6.9332152710069685,4.655286605252021,5.053248615780047,8.277309473107767,1.611567704611468
GENE163,3.46469103949926,0.8448602297574037,6.680702339098507,8.560819655380403,2.7643721473328093,21.627956566051104
GENE164,1.3155230418413184,1.0362672975638818,5.60944519296824,12.769995307890476,24.141387505407582,2.832375438484186
GENE165,13.179740413980765,4.312386790347564,3.771122490792892,10.844520587935682,8.6048231583102,0.926452820367738
GENE166,19.61982137226303,17.815900661688477,2.3975258229283125,6.657896097957441,7.345076216940354,5.816354935677048
GENE167,2.5849207404471013,2.2895988603333355,4.368614579623837,14.479429966950502,7.718346480211911,3.0937553230459556
GENE168,9.695857288742424,0.2596183474946775,14.136579098115554,0.7868530428784981,3.119145414198827,1.4627673771163239
GENE169,1.2279161237771223,14.308113977720824,2.807512327921412,6.337623663661522,4.276262674016163,7.221342137309316
GENE170,4.839550725258836,1.2423537624087921,12.137099297122415,2.735306285087302,0.9449890879860694,2.920879702927997
GENE171,20.100803525003123,10.487895074924017,3.1624525993457455,3.160538092950219,3.2490574821272684,35.757068989342
GENE172,6.5662011403578,6.889797176305672,12.557064982957263,5.690449020670355,3.458925024304315,3.682714628100445
GENE173,4.172013364804001,4.317937093232823,9.277847260395571,4.7206470912630545,9.32445088263761,4.134156923962322
GENE174,4.848334240151312,0.6076229821320152,11.204636599165706,6.337526028043579,12.158276239379834,0.2475221073852641
GENE175,36.17523268786889,3.897792517942469,13.574361323729983,1.584223010397136,8.271152885495,1.56296465375956
GENE176,2.4018302221830483,30.387500432248345,3.7036454791720796,5.570210657153175,10.698116850395738,7.3572181163776
GENE177,5.20916151474012,6.455684125322519,49.571475879781865,4.230758125841607,5.47996682283807,12.81548744306525
GENE178,13.5383436918299,14.687992240070871,8.488652079296441,1.4290288494030419,22.952607171563795,1.424263170959393
GENE179,6.065612127931241,2.1079673669402093,4.2032652066719045,6.226176436656526,6.180240678487022,6.834072444489265
GENE180,22.5044095286173,7.053573032187019,3.5107980092840183,11.75274897197153,14.723877399767836,1.3131018790214257
GENE181,8.144966017468084,9.035603723209336,3.3282162394353807,17.73795711590667,3.8572111138179848,5.081347353401946
GENE182,3.769446507580378,4.552056220995041,1.497391977387062,1.0617825189216994,22.076309455759926,1.9213703428207365
GENE183,1.6629741411046655,0.5202789787865122,2.3656155249026747,1.1935239177358847,23.150471792642968,12.302679563490422
GENE184,2.2520696881931914,42.6247813232552,11.962365185926956,3.2386889941749817,0.3680981314273956,44.29813481167322
GENE185,1.1167554184688602,0.8646774368634788,12.46058462009784,51.40587195671889,17.89055318506161,7.876700674418968
GENE186,8.123445133072117,10.521445036708915,9.572827245502046,5.936925602024285,4.973884398473856,4.209765191298407
GENE187,2.108623597416887,3.384901893184756,0.8245175808253977,4.061938705073616,1.6676390653626332,1.4864796638204965
GENE188,5.3649880632682105,18.0293734526892,11.226944028219227,0.9319271769927872,1.6659105709955393,11.481892026567174
GENE189,1.6778489841391175,3.5800144975628663,7.76830581691965,1.701747297266529,4.979729170609383,1.1805430034922908
GENE190,2.456241549073584,6.170512725012196,0.911199210279244,6.962055338172289,4.394537098748642,7.787266925977033
GENE191,5.606429891973627,17.53397504575959,5.079559283690502,2.917113088416478,5.064713153527546,7.716014922703688
GENE192,4.70610249789283,4.6673510847152375,2.221112756993158,2.3096571242336843,1.1022953948352012,25.77942628990844
GENE193,1.29192940607748,2.2413868465357876,2.1849495399375667,10.96736864179115,3.3369269937081807,15.607351803120546
GENE194,2.285327581450837,5.9238949436388575,1.9438157966523066,38.28848230194069,1.3667034249297125,6.109351989701481
GENE195,8.44670885539897,6.778793236892354,3.723679681655438,3.9360563681609926,4.682403151182445,3.8690074387521327
GENE196,11.750304049339519,40.87517872117526,2.566410461443052,1.1390527778764912,4.102998105188658,59.128280987077844
GENE197,2.006366614933037,23.08347065752431,23.99152910475378,2.5764481343039,7.916768296519813,22.837333319388296
GENE198,3.0675287162583094,3.656182754501339,2.5050760316977256,1.6245701688364937,2.341337752063994,1.3179265856982016
GENE199,4.637073556618405,2.0751361561287065,5.662049401737605,0.9456378116373503,6.239376342126547,10.314276068013944
GENE200,0.6103421102365202,6.51467008400269,15.297187568866871,1.3369073266356257,23.86880525254475,6.81427045389436
GENE201,2.2144147430822345,4.238591083274856,7.832853791656707,4.835600846552665,7.681047971296281,1.7848357727201742
GENE202,5.30877347210995,1.0901175158052154,4.009930616904874,1.8150125068784804,2.1478558327184984,15.426598196377334
GENE203,13.347246656203898,8.241135360574447,1.5033368969605758,3.266083466168632,15.07590388438845,5.164028095621476
GENE204,45.573642770137944,6.641367156743523,5.430597238057216,3.2899867446832207,5.1219790869420425,3.847910076430677
GENE205,9.098491919784328,11.666276352884147,2.0421650405978156,1.1838443260518126,0.7144763565208233,7.448341028919844
GENE206,1.4868107561227724,0.5205389338018619,6.609966623995573,54.2172713583646,4.454563554059014,10.365580752334019
GENE207,4.863845394787474,4.059705145879863,11.235478366716318,3.3525640991980032,5.85556396332431,6.182345969769576
GENE208,2.2977021225138334,12.085934634219992,3.7623367608175955,2.1048723848182442,7.663814555683349,1.8249124589931134
GENE209,4.609784719689028,4.441006337515058,13.275172558911482,7.204445261058879,4.370917936878704,10.152970260700393
GENE210,17.9970444828484,7.828808336103945,4.528327290879611,1.207031171822589,1.5447874636782593,3.3028155300801942
GENE211,2.4363177920383254,3.717415605017886,4.7429055109030935,7.611747323266399,4.176615468151821,7.28998613301627
GENE212,4.780161893247802,0.6215949734984364,1.751836394784029,3.8802998992851805,1.336835504355317,8.165587930346172
GENE213,20.712778576527285,15.161538385733484,3.620300846200719,19.900127462286367,5.200045924599389,3.199242390741345
GENE214,2.426857805542972,3.311927391782997,3.0398956265553356,5.314379300487352,5.262330455723882,4.495361197784419
GENE215,6.937477041587456,14.741199708311006,11.583181037810345,1.01521664345929,0.34856828267558543,11.408057582793468
GENE216,1.1423885634695925,3.579541065165934,1.390810921701923,0.7393525282727336,7.701866701192088,9.574996411634771
GENE217,2.518062103839384,0.33586624046116575,2.5954386832368757,6.631320835539308,1.0213123635485792,5.383614128747705
GENE218,4.413597651307448,7.9987997534160185,5.0509703250997,1.6937263782338876,14.828803942216629,3.8246632606551154
GENE219,4.360974146452617,1.7624978589559872,2.8769127253396083,1.850021546858778,3.7699205994209453,24.821456985843582
GENE220,1.1366653645490552,0.8926493879515462,19.514744879360624,3.6352443233313583,2.2954462322906353,12.67846249596911
GENE221,2.445829820573844,27.827081843798783,8.827976896666744,2.7513414475556015,38.756877086990386,2.4455867580954065
GENE222,9.413034446411505,6.045369338656209,16.473306605477834,21.359811661910907,4.627441617978448,2.1097767361827806
GENE223,7.099129301524916,2.2756930201312615,33.561757446545606,5.1373394621085415,3.110173301793248,5.390727272949247
GENE224,1.1651778198917229,1.6961923782168633,14.885891838816784,2.323572149247208,1.5731642191410746,7.664909861689898
GENE225,14.668526655984651,9.197698692687593,12.134439941746088,2.102663577847096,1.0813273705242854,20.11234190907019
GENE226,3.2456646797654174,3.48743665501146,16.914887339986347,7.8164462646034965,7.070192958297117,39.05622774598276
GENE227,2.354861158359668,11.334374825361161,4.744628447050811,5.862594651359237,20.665557517165634,7.447182375994771
GENE228,7.677516166657696,13.098625975109307,3.1113206129766704,1.9363220683958926,1.576474155032997,0.6272835615073968
GENE229,35.030080314456434,1.4870460483450256,3.5921337181884745,3.397998901975008,6.094621724807372,10.132389890912993
GENE230,10.595967332051734,2.5015800730081157,3.7919419897482496,5.945174906527215,3.4949143670158125,22.361608361954207
GENE231,7.322669531885702,9.345339651527015,8.69615756293402,14.490218817355307,5.371040002177409,1.225278361479929
GENE232,6.683808446119183,2.336474352496687,2.6415961011769875,8.055571942430506,15.460417862768635,4.578042828331967
GENE233,6.103320776230177,24.58692861576124,5.701636161275678,60.44193270723342,7.889317629514251,0.770463683389365
GENE234,9.519493285793716,6.561100741779383,16.276994883706482,8.786191587112873,3.902213733280767,1.3174548925724743
GENE235,3.63633658700391,1.9145441371150946,2.5079772460841228,8.073429850317789,23.805210953820424,6.650363599722047
GENE236,1.3554275477615345,6.990853614818444,14.829693474420742,2.435658364807548,3.9195734469461416,4.548002814489318
GENE237,2.0443945598706397,8.57010885026811,3.971134616176047,6.817770034042772,1.8450526657331408,2.8937166087026323
GENE238,9.22928294281378,3.086898446742846,25.203020570258094,3.0052591816032503,5.610751825252451,11.388349189417193
GENE239,1.0850588954792928,0.7704282021772285,0.9746700119335581,15.84072417448132,2.5809094946176168,57.870009842675366
GENE240,2.5491307057440675,5.390031899602742,20.949398873508663,33.31783663130482,35.21610747419431,15.004741191502697
GENE241,12.479190858851338,8.105371168978364,9.760670298254725,2.5826455580883687,1.977436119709689,4.46659128917733
GENE242,3.7803453862270717,2.8484413520807323,8.992468983743631,11.64998868271553,4.895942918269359,19.63924933679839
GENE243,1.430910401158243,3.6926359060597607,2.1884153105150124,0.693130755598353,4.126044971616085,3.9679615192927393
GENE244,20.35750710238654,8.421699801602626,1.6093223273070598,28.619621995428687,15.196022189215006,8.021277540094953
GENE245,3.573394202639316,1.7169694056697247,3.0888326116022697,13.313101422207236,29.505783823289946,20.973160068103677
GENE246,2.7487618617803884,1.4628441178617848,5.159740290411483,0.7645717807839799,6.191440131653043,3.86668446983519
GENE247,2.812189884414373,0.9096429971524065,7.490234508385104,2.6308294069653364,1.3910838121505051,0.2535327651339359
GENE248,4.36005684425607,26.370648612527653,23.60029506122931,2.8374442737673293,2.454168333852898,7.161892459787669
GENE249,1.6513853815589912,6.060497544837623,9.641534518629197,15.285936518346237,4.054575204040141,3.655841319264709
GENE250,1.8626820533195723,1.960343368600247,3.573412809166645,6.4712255230751285,11.173943852984435,2.007361251375393
GENE251,19.939218455567676,3.4173875980229496,4.38694333553782,2.1229111291123988,0.3968327942159284,10.848701510369729
GENE252,9.36373170149447,3.3826940319176604,4.792205372325708,7.507775506496927,0.9393699852429468,2.640444627945912
GENE253,9.917141054637849,1.2785294839328492,6.010800486857959,1.1542123870353589,7.145122688217705,4.324768088121188
GENE254,0.8912486554150278,14.364205091996817,2.1498722530794465,1.9932123091652096,5.477064034332923,14.134764771289799
GENE255,1.6228407793203885,4.766822068492513,6.88136133155519,8.963005511242114,5.346496867286881,3.1048709760552655
GENE256,1.9589522801030308,4.8848759106158,1.5339728255370477,0.24138780642730803,6.934852635526429,11.066636275781004
GENE257,0.42192300443353614,1.6327558542183669,8.324094498528389,35.07524004441173,4.575855645940979,2.1640837436306044
GENE258,3.732594465037076,17.723233733797702,2.349108327099464,2.015380463785728,2.7655968698754743,1.7274932888164998
GENE259,5.066601696257315,22.75257801846051,6.190892578284142,3.4821380867675074,3.3474160875997274,0.9387643322001045
GENE260,10.838556003696453,4.146077899816414,3.741625289484416,109.19197459003811,6.0421077020339995,2.1132117570254465
GENE261,2.9260178521554896,14.132056241230277,5.019199257577497,1.0636666273691158,11.23719136380016,2.2975788956971592
GENE262,29.174579825986378,13.197772504780321,2.86531446296657,16.135412032351073,4.796351431919944,10.514693660111336
GENE263,7.2771028096693975,1.9225325339958197,2.354786741360814,12.553014269569221,3.206643232060176,2.9932254049943925
GENE264,1.724396993959227,6.845551776147291,35.25209355913418,1.541054751789984,4.5915582600825715,18.397606146463563
GENE265,4.138604313907937,7.045377980723504,1.548995214245477,6.8778568372788715,3.7167726889106354,12.009884219209619
GENE266,14.693218364153774,59.713829412251066,8.00153319916988,6.207736374814985,5.443293506041026,3.1482089605792924
GENE267,6.28699895674013,3.3354199379321754,5.303998532839827,16.73659326364795,1.63796961421801,14.011501963434005
GENE268,16.728520336104523,3.9825864618373474,0.5369475298581214,2.440439175103892,16.395297346752805,4.38036448947488
GENE269,1.6498720966154026,2.705333185828619,10.387675200407513,7.742569182149291,3.5291882988314867,3.105502655725645
GENE270,3.0290282271131774,1.7817389319844994,22.54189751640123,3.246831282691348,15.137248900419534,20.518277041178035
GENE271,12.16193385653528,2.910659498467147,6.7108800027589925,4.374553220687164,1.8153860399171993,6.198822047872534
GENE272,1.3784507296492006,14.69752905944498,2.8161837905641893,5.4802989690778166,5.949385111106512,3.4593995249145304
GENE273,8.058228968954937,2.7873639916912585,10.71127898956662,1.1665145898262481,5.0854299551594515,31.153574786749527
GENE274,1.6481750992604256,2.275625658856312,7.49253993101228,5.363312467880241,6.363828103032174,7.309589601702218
GENE275,8.454691281552192,13.594969599870959,6.751864283698529,3.520990511652061,8.780854278976344,29.960562541617254
GENE276,3.9249996168535084,1.6912547267569196,13.55940861756139,3.9733868269872628,0.5103443699103795,10.458569363497249
GENE277,2.623926379370945,4.093771685856447,6.246244046656595,5.4221893867329545,9.110720682954693,2.899428444400228
GENE278,7.486532937531467,3.4571803269276082,9.382164383286039,8.292632616163162,1.7586760786686262,13.276321579379212
GENE279,2.622260035439117,10.054877078944758,6.470719535635997,28.167918170455568,3.584195414022606,3.160351336584008
GENE280,4.395496060768605,3.309576439043649,9.97360299101748,0.8901986771315534,1.562547622952644,1.5406387118883356
GENE281,11.591911749920538,24.794289698903505,4.037197573966348,3.7855011290208687,4.806898930048469,14.323167090377877
GENE282,1.7729536166525972,5.688058531151261,11.884055524341413,7.397145406729598,5.417213758620213,12.195244645120338
GENE283,0.3002222356718704,8.827530637750135,2.3301305985172163,0.7184688728161149,7.472298128274948,17.701662206866214
GENE284,3.906147075065894,11.62170589215982,22.472183556241248,16.69174780005261,23.10304736457552,9.413336789109465
GENE285,4.832836869857935,0.9030604250637976,3.504113316973113,1.9285210323697524,39.28892676616766,3.7588542400290414
GENE286,5.069310472042361,7.779447934062427,4.681424511307122,24.411419629871457,2.404520814716399,5.444508332450283
GENE287,2.1329999462755715,1.197190412600862,2.430825493915973,4.318737883408633,2.917414490215543,2.2424724290251676
GENE288,1.0982110484588223,4.124292242011415,0.99529074942532,9.583625486799026,4.866815164988713,1.0433623223887225
GENE289,3.289682063751914,2.112439824520554,6.166765747314531,17.12347700233418,0.6871707524739248,5.028019048208906
GENE290,3.8185363869922972,8.770028678528991,5.546663790791389,2.112835043741585,3.2574545071037297,2.0217715725974337
GENE291,13.14454887681945,4.578226283046311,29.999799123398088,4.217907644226372,2.2069097483789637,0.9863792212285728
GENE292,0.7384959388185551,0.9193062743422199,5.854008562896697,7.453807854553107,0.9220178440013943,10.96861830350629
GENE293,2.764718850686165,5.190307852982263,22.47088852761444,10.988390604328448,3.426260222092707,1.8382384971691843
GENE294,0.5210989138920281,2.1833200582234795,3.628682958793921,1.6699947335299585,3.9304071967081007,4.83969587474968
GENE295,3.579216845323222,2.3396408137182996,5.3050259940373286,6.97226857994099,1.5062165680983894,18.373922055764712
GENE296,4.060929416419425,4.566968436393721,9.09945410495151,5.658824195161397,11.624752186004372,5.9722525344938235
GENE297,2.429201555461661,6.433402285933871,1.4279984702728776,4.995610894265142,4.335209815275749,3.6396340567229517
GENE298,3.9411103115060886,0.6825980866829985,2.5890087805815623,4.917719472234206,5.258555619550944,1.603718281548769
GENE299,15.890283802956843,1.8848064786537173,11.816031375038783,6.870207859373566,2.3484902858521015,26.451447761993393
GENE300,1.3584755721606743,11.23635129193033,12.1895901126534,2.291896844147849,18.03772323283813,3.4901806093347756
GENE301,5.981633129639671,5.814308363170396,3.9184307647083187,10.082570833787814,9.909448743936956,0.7799449230716711
GENE302,16.516175646187747,0.8500229005512713,12.58551065622891,13.8281329536539,1.5053622543242764,2.97185314281288
GENE303,1.483338560615181,3.614953417773567,3.293549029762932,9.773362105277368,16.61504725832855,18.095871363524612
GENE304,2.554437322619394,3.6356144224283358,0.8324033231486306,2.0019664720075405,11.761736970037184,22.546567195185578
GENE305,1.3042799527056592,2.4782080557661175,4.364895475868085,5.930812144261746,1.9945061584571342,6.8487150070423235
GENE306,2.7903321890716497,4.417384280288163,7.739091070885152,4.5105643097979815,2.8968215233159436,4.016416937399449
GENE307,4.102666141537589,3.0956223555867126,3.459776312221875,22.167941541820547,7.853187088554929,3.3351567573658207
GENE308,8.997568773011169,3.209709742781358,14.48515942807913,6.485975251501125,4.0256961643264875,7.012658869716845
GENE309,0.9315772589000244,1.4524220338480283,1.3580841503498486,5.170364013092464,25.343315312021236,41.73333233986065
GENE310,8.482889217961771,7.395298607119281,0.740035046216939,2.604722647548793,2.0385040868186386,2.4088570978204595
GENE311,3.788068207688217,2.795216105723864,0.6192168092362047,9.46792960062389,1.5330465646171836,5.693054164269235
GENE312,35.661892074045895,1.787137912107667,0.35690432770273456,3.366911240117136,13.476664510588863,31.764440925104132
GENE313,1.3105545988820178,7.364706682356973,2.8142324024573777,4.031149801035131,63.0761891320103,0.9970340786656818
GENE314,5.776163231512226,7.154154033921496,13.273722446423863,4.943052985023017,6.09854695986847,3.029360171126631
GENE315,5.865729998280693,3.179766366702295,8.344243416033313,3.0968630009337734,6.534529802924206,4.352442519762133
GENE316,13.81908006683834,4.257177050462027,0.7610680767120114,15.830231544270926,1.8117037468486792,2.3308515230535574
GENE317,2.4702977895817546,17.715466882379943,0.5295783188214012,103.31148321151453,12.884909353850656,5.6026455965032245
GENE318,4.242301800364668,5.962882915955103,7.546790913839524,8.54388297988944,7.811558267239644,4.901693125529868
GENE319,3.679075801315051,3.852517059425371,3.688027342759918,13.926174080916313,8.113722161084441,0.23683569823226738
GENE320,8.635665481322519,5.4452093007503795,4.398621707490486,3.0388572705672705,13.792331095618147,11.559717926478394
GENE321,2.0691177985847715,6.733211941756534,1.6961199590811369,1.1279274517816065,2.394759421274364,10.616330962704792
GENE322,11.624617472912274,7.486380377927845,9.254369208309939,7.509570600531613,2.359662038546316,6.902768373393956
GENE323,9.978267970659278,9.52853832586972,14.715676755309977,9.100267850414054,6.369036533659125,13.067787575866651
GENE324,4.364391349558864,1.8554464645016915,3.807348579760423,2.1278186674700694,2.281473999353497,3.8786274043624838
GENE325,2.0290751112294876,3.293788659146588,0.6746139572141634,5.547202282253439,4.487094893732332,1.9796327920213685
GENE326,8.664599211989042,11.445196675110962,0.898022761275701,2.090232327817281,2.0768610643940733,1.7508421467392643
GENE327,10.272545406156157,3.692020470670444,3.4400470846482736,0.6041925355314125,8.460582546816521,1.2978922534225412
GENE328,4.758500655417121,5.914322419534554,17.473030813343787,1.2106768711889195,0.2188186103032469,5.386250726097704
GENE329,27.126501943343143,15.470675873607329,5.527078718435254,2.7411123752101703,10.045478137009976,1.6929182252406876
GENE330,7.216411226993094,7.429586163771961,12.938532925605237,70.7859149066115,6.635380192375438,2.6940250443602722
GENE331,4.368526154514927,0.7640852556403784,2.2373382295506077,2.9764090641814187,2.6535851224069593,5.2192560471455
GENE332,1.969106856514253,13.749887844620918,4.482617167003613,4.440201147288795,3.228782991727097,5.23407788119629
GENE333,10.227685056486381,1.8830066556900835,2.3207339906557047,3.307769090016271,1.1666414630883557,1.9753431701133535
GENE334,2.7836948457343427,10.74444826505888,5.827344041136576,5.438971124027086,10.494989598362125,3.9064467904960005
GENE335,6.622446409389235,4.042156137739545,5.843689431859874,2.5023776562191085,0.3910901596348896,3.918546670799898
GENE336,18.592311519572544,11.31597452547518,11.768158884277227,15.427177423498009,4.897170507895812,5.459273418710994
GENE337,2.4165674025926904,3.267179727037042,8.295980743711471,14.93764351237838,3.898351316195333,2.8571103163279115
GENE338,4.484055842499451,8.176030377720888,1.0577512410042424,0.451048253421524,2.584321894943489,1.3221875160693273
GENE339,2.6962442937473625,3.865997295333387,2.848383359271836,19.153156540985904,6.21362688306819,6.052517853574333
GENE340,8.349545815611078,1.4350029173689383,12.668413727723289,4.154681262053991,8.762494434767182,1.5344051276861401
GENE341,0.947660686892929,10.15422279643347,6.530016865765706,1.8183844565401477,1.8782432880070556,13.810577504755855
GENE342,1.364227189996814,23.165705023311418,1.820988099087617,8.485780884365454,3.2264469756741483,8.192240543467783
GENE343,2.600974019831334,3.8083921566018275,4.6688798187176905,1.6451187074848757,9.401077829543883,2.682599892810179
GENE344,3.5658415490914623,1.6580639481019506,0.3456482433404966,3.702366602216812,50.02962958489475,9.82179885025945
GENE345,4.396195994420765,3.445638301619523,4.5835137248179,7.745554881793891,1.3760088685962644,13.657948975582503
GENE346,9.164903164492436,9.190641386418422,6.948152096378398,4.570472803696605,8.78337944285875,8.099595593805848
GENE347,3.1454573128067556,2.525396871235027,4.962235253958826,21.094664717023406,1.298088664299453,1.0330077930950863
GENE348,5.284409285832223,4.71565442031943,5.329948971851119,5.719910725892735,3.5851407904237904,19.882967060380892
GENE349,0.9040198340801344,1.9571766992556652,4.0420227196184655,0.8665904315081298,3.758972299978014,23.605274096472545
GENE350,4.576280216363023,5.644608860872333,1.2710397099904693,2.4196879654550445,3.0796120143261945,3.2618186347266946
GENE351,16.145539103362037,7.827874840606033,1.474828988489302,5.7345241744640045,7.3759281746503325,14.015292270519254
GENE352,21.770170053142316,1.6240220320360634,1.9920066326285346,1.2743320271923124,3.5465671686259443,7.1446110586823615
GENE353,12.029169797476126,4.153905501328259,3.2548704571083,5.2161417082537405,1.9442126703249216,36.2173657876502
GENE354,0.8979319194194133,5.391052198212307,33.90648246390516,4.512267706544936,3.706029044537374,3.134766147455645
GENE355,3.7419554344886476,17.687328419224727,0.49072965122583034,20.76842285687268,1.0790088060504264,3.4327018784888503
GENE356,2.91758313395459,8.073226930035267,0.9065361672644842,7.114768300525724,33.93034081128155,1.1466286125159855
GENE357,5.417888520094426,2.3117800731220517,6.861233295010942,4.568330301464502,2.359649499757094,7.299984938047657
GENE358,27.23078431973764,3.7028256162877744,9.205102428868098,1.2296468841727626,1.7221329731116888,7.18795190495866
GENE359,19.769019261384255,6.3956197934950625,3.2770445667171186,4.478514494645001,1.283501982625553,8.203126206871852
GENE360,10.830140805108146,2.8516839149986346,2.8009477785378496,5.8467048535704285,2.8958545938569595,4.194891122096703
GENE361,36.58805383461288,3.5007397358169365,3.131962634993778,2.345405233343799,9.43279051267951,3.7388415848682808
GENE362,2.341114180774959,16.79874249757704,18.533928113224324,2.4585615281532607,0.6931284445049527,12.2743741892723
GENE363,2.2600121157925877,9.881117366720423,0.624937385345373,10.941876822853606,1.3348622068991554,9.306975000156061
GENE364,4.54611520803787,1.7264384388648328,2.9831019652782893,8.902378221638342,4.982314056621648,8.039870535186507
GENE365,32.34438981796247,0.9377783939142059,22.583342454222365,4.974654582382311,1.8243357563838276,1.1849331674982952
GENE366,3.7094351309661,11.264431560365846,3.94500759541297,20.31084399257994,1.050035853680082,4.427836332222673
GENE367,1.2809558481140986,6.447109447112438,10.879577305735372,2.9424371670162386,0.33147136385660886,5.468192629740394
GENE368,6.9360923344171335,6.714670469370253,15.421801526481522,1.53563859964374,8.848218200302794,14.768662133950905
GENE369,0.7568519767184702,6.169709942788508,2.706943582268886,4.130825751831327,6.34505953142952,2.7532208262317033
GENE370,2.280265585015337,4.6373932902865835,1.5109733731608166,1.5131217050295913,8.840763864754342,1.4207799264905892
GENE371,8.726047349217675,7.1177473565257525,0.7978722925077913,2.2760360325522146,14.792338873255623,1.6800683361376454
GENE372,2.816783800156299,7.113973107178985,9.809884592948068,3.4849758481381046,2.4657346740709793,18.58527985409461
GENE373,25.505641520608542,11.92763588331097,4.880843935741566,1.997176190951029,1.953369037707168,7.557300919890919
GENE374,6.810041546079389,18.203221664426035,8.588723247571185,0.9969244375022798,12.832071430794096,1.6519218582615558
GENE375,3.0527069697059375,5.755754898774736,32.97228927560408,100.47596613909798,8.221256523587146,3.731474191879629
GENE376,7.648470157900928,10.887936419978258,3.252202224613935,26.98311650846347,5.641053050659185,7.3723984620885
GENE377,8.72266012891259,6.8317892642539535,10.370243472084326,2.4175311015980827,2.564332590305758,1.491594626827614
GENE378,6.955281024155111,9.766288471124648,7.083533507262842,23.914678494049483,4.456679496203825,8.7472700341591
GENE379,1.5042570530572323,3.043171711021048,8.984831418993862,10.47615906981494,3.3402079059301983,4.172021740362859
GENE380,0.9822850412767197,3.136071177675345,10.917676397025078,7.9661794867331395,7.393976789285324,4.710404037137638
GENE381,4.513456006552646,2.3156232193411865,9.014446167391426,6.827598112041518,7.3303176311325355,2.6484250891108596
GENE382,0.5203035332728514,13.425457415783793,2.7764205995992755,1.8912239951819731,8.966352067488698,3.0282574651484317
GENE383,12.934994417366823,8.306230946292379,8.87793800326596,1.1434434602613446,15.058520623666602,5.819710575631436
GENE384,3.0978950376938905,5.172667264309382,0.758634453988883,6.743997240228415,1.6010000925431673,1.1587359516997398
GENE385,0.9778889277371428,13.635659386713922,2.3886697148283704,20.774529849930325,2.622684828929636,0.8127286755120114
GENE386,1.4673756894239893,15.422255368784398,3.8347407138467977,2.5901420078896518,5.259406700745642,7.402240585220659
GENE387,13.700040868097783,19.07730158952361,3.1274918399002294,1.18999881808607,2.9639855696318342,5.814068050048461
GENE388,1.7095686270192267,1.7209028830541133,6.3204340307348845,4.268863567730902,4.631111922957438,2.099091569741877
GENE389,3.559425963997345,1.7784938523147118,10.915659516480394,12.619576954537637,0.7073795847112561,1.7691321928093349
GENE390,1.0034767749192257,2.3395908545363735,4.122921566793185,1.0516441328216015,1.7827198199887397,1.6422095603019635
GENE391,5.5138732720768395,4.803497685523401,2.1776851322090103,5.348525268381246,2.5943082620858986,3.4155717074134437
GENE392,23.889811961613987,17.12365861090803,1.2219143436408955,10.27519170756879,10.088503966990626,1.4215342004767424
GENE393,10.163243605956547,20.862054161134633,1.4585680893718882,1.790504061806473,12.399565936080554,5.879638678722767
GENE394,7.779377135177485,6.300249377854491,6.623976841510992,1.1894938395098584,12.772797403443946,14.434049909649495
GENE395,3.5630226939176497,4.291013920785014,0.9693713575760268,7.495139591652142,7.941144764169804,4.211458324159935
GENE396,13.795650479951947,3.2088825748660064,7.882191118123076,1.6166169468909095,4.377368956893364,3.7646155410132294
GENE397,5.61424951472911,3.0971213124096564,3.9295597799548747,10.237394782201187,2.8957257277267634,0.8989057391928846
GENE398,25.77961089751753,17.840195376518878,1.2308897783537558,8.932602673690722,2.7102075791992153,5.832741997880982
GENE399,6.01480619733713,3.5451915759113426,2.046711450111665,2.246692079817815,1.7928527826272005,1.9506795358028886
GENE400,4.190506920171521,2.1907413683205377,8.864478099006169,19.830995744907096,2.5091567954345106,5.693951667708381
GENE401,7.38672972758846,7.1850485088885865,4.8353584754057035,9.418561956223094,7.259049901281085,1.2999653076296906
GENE402,10.688368182236642,10.883967525955507,2.0890593561162074,4.654981029603606,8.875804621337018,3.635280158192469
GENE403,13.104793086665845,47.649517046784965,2.042172040892151,1.126319679758087,6.072792784816201,9.221728612905808
GENE404,3.5577688688390072,19.16835348778449,1.1751481212350823,8.961329727221845,2.445229978503689,25.012555185075712
GENE405,32.868519749053156,2.082030068510832,2.5868550308780427,10.586587682688872,3.043077534484425,4.282721971374513
GENE406,4.59692876414506,0.6572616065949147,4.420099706671988,2.248520008832168,2.737040364319231,18.984673646574198
GENE407,1.2756975227953775,10.106766871144375,3.390702305393237,3.3880001853722486,9.878610814477259,6.296861247525914
GENE408,7.9296825016282115,11.801004565680918,3.2177797941518134,2.429688999682875,1.5141428048328522,1.9632268470349241
GENE409,85.54943750807746,15.559627528968708,1.1605866775694997,1.1942782681944284,7.256271008720349,7.746683353487769
GENE410,7.7592356863511975,3.473088328836015,3.9532804977644624,6.220681857650487,4.8836505625204225,0.487092920258558
GENE411,3.5615661198204216,1.9128486404018663,5.339923990641385,88.69992134866949,6.471977255607597,3.2754992945812162
GENE412,11.266137012345423,7.262236848306642,6.8216030151897415,8.222305080832088,35.04186763836869,1.4464489672809475
GENE413,7.196768291174846,1.7746777728381957,7.810841045534133,1.7883859130722912,2.952443658882165,3.336459069405561
GENE414,11.891415096956315,11.228491633714633,1.2895362060761888,4.734774545320784,2.204322367301364,1.2731512028699667
GENE415,3.6073843378635844,3.2920721901685597,50.74009803862309,6.909932196518181,1.1301863145274023,2.547789182409413
GENE416,12.445800981119637,36.177695150640844,0.9176095439420996,0.6839131212528007,29.106606484566726,6.616815271428881
GENE417,1.880818901909117,7.649414325292946,0.3211818713067357,4.4968426023968,6.220318883266103,11.293983378487695
GENE418,1.6259691657744395,4.882645391465934,1.776376071173143,5.785667598758946,1.8306181151002656,2.9799280646292017
GENE419,1.65563497378917,8.594618416159774,10.574560001638572,3.5444373470134853,4.6563784761577525,1.0527529448685955
GENE420,3.3211906627498453,4.262242298526342,61.60808371257765,1.474078390080503,19.37875259392343,12.144286028723787
GENE421,5.933631406924155,26.013626169893,6.501971721076417,6.613805426312565,4.249831550534398,15.234595820521315
GENE422,13.416284546851822,2.397251115805388,1.198118974145462,3.658376107955271,2.0136750498077243,4.205845844951055
GENE423,15.447360304735966,2.8368615268179176,4.2938193089833385,4.749421089899201,10.46912953235713,0.47383821506173895
GENE424,2.443178132853099,5.536063520229695,14.880906621704701,2.740382618649356,0.6862229486381479,8.328733851165131
GENE425,2.3741455662415376,1.3638796752576474,2.400446136499968,3.726519329422545,2.447960760861547,0.49382895973633123
GENE426,10.99088394444958,16.03662295454906,8.597934425586107,1.4366504527215325,3.6638278665410633,4.452557653965177
GENE427,8.156330625247373,8.743761622955917,2.150770610095472,4.864653822690255,7.080045998269482,19.21751921569579
GENE428,9.065776864062789,9.865626919962287,4.873569511880413,18.365228938265812,6.751487128551207,1.8944188003440947
GENE429,18.23549501155874,9.006110330116593,2.8775981740834986,2.774601220647439,6.02896615107935,7.1219730106053944
GENE430,5.459145445155154,6.1184492472487095,24.531484509903827,13.086002562073364,5.422926374631077,11.488086946816061
GENE431,1.5959610539971631,6.672049272170439,27.366136358973836,3.603674807233099,1.9200785014599207,2.3347646912253683
GENE432,1.5073708324394672,2.0446734444378194,3.0940840009479214,1.099035504207947,4.552235058264423,11.04830667110106
GENE433,1.8080407851126468,20.47662360702669,7.469231297244544,12.56079663803805,2.3213883795544668,10.533126830851817
GENE434,1.5039065655142483,10.916195376211805,5.321947670298089,7.79319736118543,1.3832079381912632,1.831124314528736
GENE435,8.143566412320396,1.7361187109359977,7.1221261121050174,1.1420925997474285,10.466442770530055,1.3066631649317386
GENE436,7.785787355496777,8.378181897747652,2.232736987545391,8.020706955711475,5.8150085908717735,2.6147229457270553
GENE437,1.6346771383062035,0.6296282635082997,6.357594275974679,0.9372522981436232,4.930025692203424,3.443718283203953
GENE438,8.838726237069203,3.3133325663291027,3.2237723582005913,9.317279661592126,6.265497715980778,6.148179103110284
GENE439,7.165426534601285,0.9650531289932637,9.552364161053973,8.26862965031498,1.6214436127638285,3.511065407518038
GENE440,4.308943353132268,3.917694000775474,6.257995752833542,18.753244582222806,13.220474517271526,1.2065690143597385
GENE441,8.348400722725941,16.92739506942298,6.598276777935884,13.342846855604757,33.52429653665017,12.474786735078693
GENE442,5.7506252937835685,12.744355581383566,5.180428801703265,4.590105659401476,3.1537296372895436,21.4004801529986
GENE443,1.9769817916558894,20.746295999161884,7.388052169832352,1.1059379795792983,6.473062228018868,0.5487970885791807
GENE444,8.377152141602053,10.861576644164323,2.4784764689091476,5.071048981749194,31.631625710944725,2.702705465931673
GENE445,1.5544043427856353,19.720592659747155,31.89939967125476,4.498282565636689,12.32294578449382,17.14104561236387
GENE446,2.1329708377644883,2.758519615492311,15.346301696106636,24.167633485975347,7.868605541807704,1.8592731773628526
GENE447,32.68973491666579,2.6353845277675614,3.2054811978210465,6.31127574552601,21.203376136379536,10.527343094027426
GENE448,6.786026017573007,7.122711845731881,4.681013604529587,7.831386068025202,0.3571640504455276,3.3313996830817048
GENE449,5.704879920157392,1.4176292248507885,6.595076051619349,3.6529270547045956,25.931947384096453,21.607051618132903
GENE450,2.8128393861508507,3.8541954738291375,4.162236018812553,2.85291284677172,5.446782046068705,2.0995392819501233
GENE451,1.4468440470014543,8.353755714444171,8.410909256241851,2.005080561679314,10.972097186974855,2.3831479238781164
GENE452,5.772846220638573,10.179175468562367,4.3335515936755185,7.062089085113831,2.6739863022900616,3.6822847539184673
GENE453,3.6478595434228565,2.1242560638040118,3.7555165420385848,0.9525446476908315,2.742435112369233,3.3707137144028407
GENE454,3.4688400117338944,3.520146310148273,4.213256230414946,7.238699173499456,10.745822497167058,2.34019620267524
GENE455,1.3455450123376305,1.580838792905559,2.753291427754518,3.1521308428277655,2.0750887706475494,1.2261550966469605
GENE456,2.8402133498150164,5.37321604390079,8.125680396647578,2.566586861771091,2.9653710793503447,1.7741149718141092
GENE457,4.342980352627477,1.9185532105355254,7.949649290106843,0.7513629222614177,3.127926508079426,6.056350186555067
GENE458,5.386169779807541,66.22338603842819,6.358547842101436,1.642049904632121,4.073635128963181,0.7586260327621797
GENE459,4.1346399490875045,1.9482741764863356,11.194138303742962,2.5868986490182495,3.987777603836725,2.3736815787134873
GENE460,25.50440932324257,3.2503322889923525,28.00987267263265,10.116338217023328,7.257727238921448,6.480081887975026
GENE461,6.64455218229945,0.6520248662610061,3.390971999630775,10.434921014185507,4.267818541670254,1.0994501082230275
GENE462,4.2528763804879715,24.63345593298574,15.594085621389226,4.212245972659636,11.605153620250976,3.10648847214265
GENE463,0.81556709402182,1.7780797891468336,21.389256612321105,3.4075955257701183,3.513511696372662,3.3206541734858925
GENE464,30.088305948524283,22.781730373990634,41.214091865627594,3.8226916297054574,6.023234990034835,0.9834951727304971
GENE465,19.62755460433054,1.394060133429824,5.566550508289973,1.495854285947959,2.4871392968912347,1.9400962183836197
GENE466,2.4403091676318938,2.613988711854836,2.590189930015043,10.312264466422212,1.484587872702751,5.58755289752737
GENE467,15.149373111275539,2.682646039178276,2.1860168748878728,3.5589849393820034,14.581085984797829,5.4417877149438985
GENE468,2.6347431616746317,7.270875067262122,1.488409127898849,8.858341083342372,6.743690369851005,3.2942928400821936
GENE469,1.9375304563974713,1.8465500822019651,7.650854464798173,15.317263145358767,2.369531492157308,7.087882979848806
GENE470,0.5559777416135419,2.4977298749894987,4.344632030631197,1.8045596179068772,1.7567993901749985,2.298416582666857
GENE471,6.0026001178115855,3.716086065942463,0.4779585654891481,0.5375679262022761,2.442775327297369,7.082922365660343
GENE472,0.28722056399276247,2.719015384683984,2.647860997968359,17.96342557405009,3.0495016636026127,6.573122492016567
GENE473,5.161654357811792,0.5322901839441997,9.662063291133679,5.55887920137938,7.4504068353672395,227.29249367278732
GENE474,0.5576002676688262,25.14594497030535,3.36205529060629,5.973475413888416,4.282289321096696,2.9322312928397487
GENE475,2.534932657904855,6.230824923889723,0.9829729306792324,9.493232416376703,2.9559071594950788,1.447634233614654
GENE476,2.857614374633275,15.75486516382528,2.623908271554011,6.413810898432207,2.157701908964046,9.563194748234048
GENE477,8.895163826704696,28.463109158283828,3.7600642856417172,8.74651035944578,4.943470127428837,16.376899615771226
GENE478,2.184020867146494,9.440465712362926,3.6888055404820137,4.203055761018287,4.912350206664145,5.767509720327214
GENE479,3.9899191074653277,5.555081992843583,21.71749284213569,12.006518199574387,10.688352450120572,2.8418648499176724
GENE480,1.8418291328402878,11.649934506517498,10.76227315876671,19.54404576810568,2.449831811984794,3.5624600968208764
GENE481,0.8698067986383649,3.026869429840088,12.14078578629959,2.8108997301784426,8.503516596726513,3.70430958295328
GENE482,6.196948715337345,1.422347406888611,4.880313451338311,0.22511678411968614,3.7176949600531684,0.8776799760900323
GENE483,14.9691964037552,9.751365756255838,7.146844866959412,20.511920955542326,1.7351319791414346,25.722425472964197
GENE484,11.3838030980376,3.5375864922662372,13.951962050839315,1.482465362827846,1.9649874105822445,2.4385662807751665
GENE485,2.640642587604922,1.5580614016645806,15.227196417944496,3.4595744827070556,6.375770639441958,2.533618792652521
GENE486,0.7257110830835439,5.87119011374538,0.6621554211696445,4.184411002589066,1.1407488824554726,32.69676028790836
GENE487,11.149143983455891,4.981613284427394,15.858516547945808,1.9226107394518908,7.717414346072205,5.4729098142241535
GENE488,5.835850896033152,15.996236888472696,9.323071204360394,5.981812781986224,0.8565115842319874,1.7159274210065019
GENE489,3.9641484543282073,4.9203141213876185,1.4474397054421864,49.982686505776734,20.417534281078233,8.183486811716746
GENE490,4.816448647079263,3.6247706962495103,1.729931028814672,4.842739236158967,5.799388843225811,1.2946487521738665
GENE491,6.25997641319633,3.8371923916595527,0.6651068610835267,1.8957508542660721,2.9635695373654807,29.597433673158196
GENE492,7.818972284754328,1.178825296162665,7.286594495048939,0.9537974096540653,13.232700197820652,2.7979173817046368
GENE493,4.081088782456173,16.87438256826893,1.237182270540038,1.10836040963482,2.5002748695591475,12.659131988037869
GENE494,0.9808398588774329,0.2639077686342518,2.8543414231393056,7.781435244556195,14.883627000537127,2.820286957959276
GENE495,2.9700339772004365,14.209357610925768,0.6909127705698941,3.0388502140628537,5.421778455363337,7.023198361172797
GENE496,2.6917547565833213,4.638731808310894,0.3721987275847381,2.3204278520591775,7.053392540901583,1.6781734431843034
GENE497,4.753989791516645,7.006739704694839,3.1818118514419074,5.314631997902662,1.7113241622105655,3.6451179353118235
GENE498,8.25002449628809,5.243414776388776,2.4929549416625423,5.608124804952825,9.157834941374377,0.5769836906888163
GENE499,14.283057790211943,3.201902810350604,6.858508053968065,14.83882302552089,1.1369239236025308,2.2046284638302907
GENE500,3.358355112060136,2.046736306471964,25.404760452077614,1.9026124323576912,2.571407001533479,5.498025521005088
